,favorites,favorites,retweets,retweets
,mean,sum,mean,sum
country,,,,
BRASIL,339.90909090909093,3739.0,91.27272727272727,1004.0
ECUADOR,186.375,1491.0,64.85714285714286,454.0
MEXICO,294.85714285714283,2064.0,77.75,622.0
